80PAB10CP001_xq03;1;1
00PAB10CP001_xq03;1;2
00PAB20CP001_xq03;1;3
80PAB10CT001_xq03;1;4
80PAB20CP001_xq03;1;5
80PAB20CT001_xq03;1;6
80PAB10CP002_xq03;1;7
80PAB10CT002_xq03;1;8
80PAB20CP002_xq03;1;9
80PAB20CT002_xq03;1;10
80PCB32CT001_xq03;1;11
80PCB32CT004_xq03;1;12
80PCB32CT003_xq03;1;13
80PCB32CT002_xq03;1;14
80LBA10CT008_xq03;1;15
80LBA10CF001_xq03;1;16
80LBA30CP901_xq03;1;17
80LBA20CF001_xq03;1;18
80NDA50FF921_xq03;1;19
80NAA40CF001_xq03;1;20
80NAA20CF001_xq03;1;21
80LBC20CP001_xq03;1;22
80LBC20CT001_xq03;1;23
80LBC10CT001_xq03;1;24
80MAA10CP901_xq03;1;25
80LBQ60CP001_xq03;1;26
80NAA10CF001_xq03;1;27
80LBC10CP001_xq03;1;28
80LBQ70CT001_xq03;1;29
80LBQ70CP001_xq03;1;30
80LAB30CT003_xq03;1;31
80LAB30CT002_xq03;1;32
80LAD70CL002_xq03;1;33
80LAD60CL002_xq03;1;34
80LAA10CL004_xq03;1;35
80LCC40CL002_xq03;1;36
80LCC30CL002_xq03;1;37
80LCA40FF931_xq03;1;38
80LCC20CL002_xq03;1;39
80LCA20CF001_xq03;1;40
80LAD50CL002_xq03;1;41
80LBG40CT001_xq03;1;42
80MAW10CP001_xq03;1;43
80MAW10CT001_xq03;1;44
80MAW20CP001_xq03;1;45
80MAW20CP002_xq03;1;46
80MAW13CT001_xq03;1;47
80MAW13CT002_xq03;1;48
80MAX65CP001_xq03;1;49
80MAX64CP001_xq03;1;50
80MAX63CP001_xq03;1;51
80MAX62CP001_xq03;1;52
80MAX61CP001_xq03;1;53
80MAV20CT001_xq03;1;54
80MAV23CT001_xq03;1;55
80MAV22CT001_xq03;1;56
80MAV21CT001_xq03;1;57
80MAV30CP001_xq03;1;58
80MAV30CP002_xq03;1;59
80MAV10CT001_xq03;1;60
80MAV10CL001_xq03;1;61
00MVA30CL001_xq03;1;62
80MVA20CL001_xq03;1;63
80MVA10CL001_xq03;1;64
80MAD11CT111_xq03;1;65
80MAD11CT112_xq03;1;66
80MAD11CT113_xq03;1;67
80MAD11CT114_xq03;1;68
80MAD11CT115_xq03;1;69
80MAD11CT116_xq03;1;70
80MAD11CT117_xq03;1;71
80MAD12CT111_xq03;1;72
80MAD12CT112_xq03;1;73
80MAD12CT113_xq03;1;74
80MAD12CT114_xq03;1;75
80MAD12CT115_xq03;1;76
80MAD12CT116_xq03;1;77
80MAD12CT117_xq03;1;78
80MAD13CT122_xq03;1;79
80MAD13CT123_xq03;1;80
80MAD13CT124_xq03;1;81
80MAD13CT125_xq03;1;82
80MAD13CT126_xq03;1;83
80MAD13CT127_xq03;1;84
80MAD13CT128_xq03;1;85
80MAD13CT129_xq03;1;86
80MAD13CT130_xq03;1;87
80MAD13CT131_xq03;1;88
80MAD13CT132_xq03;1;89
80MAD13CT133_xq03;1;90
80MAD13CT134_xq03;1;91
80MAD13CT135_xq03;1;92
80MAD13CT136_xq03;1;93
80MAD13CT137_xq03;1;94
80MAD13CT138_xq03;1;95
80MAD13CT139_xq03;1;96
80MAD13CT140_xq03;1;97
80MAV10CP001_xq03;1;98
80MAV60CP001_xq03;1;99
80MAD13CT111_xq03;1;100
80MAD14CT111_xq03;1;101
80MAD14CT112_xq03;1;102
80MAD15CT111_xq03;1;103
80MAD15CT112_xq03;1;104
80MAD16CT111_xq03;1;105
80MAD16CT112_xq03;1;106
80MKD11CT111_xq03;1;107
80MKD11CT112_xq03;1;108
80MKD12CT111_xq03;1;109
80MKD12CT112_xq03;1;110
80MAV30CT001_xq03;1;111
80MAV30CT002_xq03;1;112
00PAB05CP001_xq03;1;113
00PAB09CP001_xq03;1;114
00PAB13CP001_xq03;1;115
00PAB17CP001_xq03;1;116
80PCB40CT002_xq03;1;117
80PCB40CT003_xq03;1;118
80PCB40CT004_xq03;1;119
80PCB40CT005_xq03;1;120
80PCB40CT001_xq03;1;121
80PCB40CP002_xq03;1;122
80PCB40CP001_xq03;1;123
80PCB36CP001_xq03;1;124
80PCB35CP001_xq03;1;125
80PCB10CP001_xq03;1;126
80PCB10CT001_xq03;1;127
80PCB31CT001_xq03;1;128
80PCB31CT002_xq03;1;129
80PCB49CP001_xq03;1;130
80PCB46CP001_xq03;1;131
80PCB47CP001_xq03;1;132
80PCB48CP001_xq03;1;133
80MAV30ÑT001_xq03;1;134
80MAX20CP001_xq03;1;135
80MXA20CL001_xq03;1;136
80MXA10CL001_xq03;1;137
80MAX10CL001_xq03;1;138
80MAX30CP001_xq03;1;139
80MKA04CT010_xq03;1;140
80MKA04CT008_xq03;1;141
80MKA04CT007_xq03;1;142
80MKA04CT004_xq03;1;143
80MKA04CT006_xq03;1;144
80MKA04CT002_xq03;1;145
80MKA05CT017_xq03;1;146
80MKA05CT018_xq03;1;147
80MKA05CT019_xq03;1;148
80MKA05CT020_xq03;1;149
80MKA05CT005_xq03;1;150
80MKA05CT006_xq03;1;151
80MKA05CT007_xq03;1;152
80MKA05CT008_xq03;1;153
80MKA05CT021_xq03;1;154
80MKA05CT009_xq03;1;155
80MKA05CT022_xq03;1;156
80MKA05CT010_xq03;1;157
80MKA05CT023_xq03;1;158
80MKA05CT024_xq03;1;159
80MKA05CT011_xq03;1;160
80MKA05CT012_xq03;1;161
80MKA05CT015_xq03;1;162
80MKA05CT003_xq03;1;163
80MKA05CT016_xq03;1;164
80MKA05CT004_xq03;1;165
80MKA05CT013_xq03;1;166
80MKA05CT001_xq03;1;167
80MKA05CT014_xq03;1;168
80MKA05CT002_xq03;1;169
80MKA04CT009_xq03;1;170
80MKA04CT011_xq03;1;171
80MKA04CT012_xq03;1;172
80MKA04CT003_xq03;1;173
80MKA04CT005_xq03;1;174
80MKA04CT001_xq03;1;175
80MKA03CT010_xq03;1;176
80MKA03CT012_xq03;1;177
80MKA03CT008_xq03;1;178
80MKA03CT004_xq03;1;179
80MKA03CT002_xq03;1;180
80MKA03CT001_xq03;1;181
80MKA06CT001_xq03;1;182
80MKA03CT009_xq03;1;183
80MKA03CT011_xq03;1;184
80MKA03CT007_xq03;1;185
80MKA03CT003_xq03;1;186
80MKA03CT005_xq03;1;187
80MKA03CT006_xq03;1;188
80PCB40FF903_xq03;1;189
80MAX30CT001_xq03;1;190
80MAD12CT001_xq03;1;191
80MAD13CT001_xq03;1;192
80MAD14CT001_xq03;1;193
80MAD15CT001_xq03;1;194
80MAD16CT001_xq03;1;195
80MKD11CT001_xq03;1;196
80MKD12CT001_xq03;1;197
80MAD13CT112_xq03;1;198
80MAD11CT001_xq03;1;199
00PAB01CP001_xq03;1;200
80MAV30CP004_xq03;1;201
80MAV30CP005_xq03;1;202
80MAV30CP006_xq03;1;203
80MAV30CP007_xq03;1;204
80MAX51FS001_xq03;1;205
80BAA10CE901_xq03;1;206
80MAD13CT121_xq03;1;207
80MAK10CE001_xq03;1;208
80HJF10FF921_xq03;1;209
80HJF10CF001_xq03;1;210
80HJF30FF921_xq03;1;211
80HJF30CF001_xq03;1;212
80HAD01FP903_xq03;1;213
80HAD01CP001_xq03;1;214
80HAD01CP002_xq03;1;215
80HAD01CP003_xq03;1;216
00HJF10CP001_xq03;1;217
80HJF10CT002_xq03;1;218
80HJF10CT001_xq03;1;219
80HJF30CT001_xq03;1;220
80HJF10CP001_xq03;1;221
80HJF10CP002_xq03;1;222
80HJF10CP003_xq03;1;223
80HJF10CP004_xq03;1;224
80HJF10CP005_xq03;1;225
80HJF30CP001_xq03;1;226
80HJF31CT001_xq03;1;227
80HJF31CL001_xq03;1;228
80LBA11CP001_xq03;1;229
80LBA11CT001_xq03;1;230
80HBK30CQ001_xq03;1;231
80HBK30CQ003_xq03;1;232
80HAJ22CT111_xq03;1;233
80HAJ22CT112_xq03;1;234
80HAJ22CT113_xq03;1;235
80HAJ22CT114_xq03;1;236
80HAJ22CT115_xq03;1;237
80HAJ22CT116_xq03;1;238
80HAJ72CT111_xq03;1;239
80HAJ72CT112_xq03;1;240
80HAJ72CT113_xq03;1;241
80HAJ72CT114_xq03;1;242
80HAJ72CT115_xq03;1;243
80HAJ72CT116_xq03;1;244
80LBA21CP001_xq03;1;245
80LBA21CT001_xq03;1;246
80LBC11CP001_xq03;1;247
80LCB11CT001_xq03;1;248
80HAD01FL903_xq03;1;249
80HAD01CL001_xq03;1;250
80HAD01CL002_xq03;1;251
80HAD01CL003_xq03;1;252
80LAE05CF001_xq03;1;253
80LAE05CP001_xq03;1;254
80LAE05CT001_xq03;1;255
80HAH16CT001_xq03;1;256
80HAH66CT001_xq03;1;257
80HAH18FT902_xq03;1;258
80HAH18CT001_xq03;1;259
80HAH18CT002_xq03;1;260
80HAH18CT111_xq03;1;261
80HAH18CT112_xq03;1;262
80HAH68FT902_xq03;1;263
80HAH68CT001_xq03;1;264
80HAH68CT002_xq03;1;265
80HAH68CT111_xq03;1;266
80HAH68CT112_xq03;1;267
80HAH23FT902_xq03;1;268
80HAH23CT001_xq03;1;269
80HAH23CT002_xq03;1;270
80HAH25FT902_xq03;1;271
80HAH25CT001_xq03;1;272
80HAH25CT002_xq03;1;273
80HAH25CT111_xq03;1;274
80HAH25CT112_xq03;1;275
80HAH73FT902_xq03;1;276
80HAH73CT001_xq03;1;277
80HAH73CT002_xq03;1;278
80HAH75FT902_xq03;1;279
80HAH75CT001_xq03;1;280
80HAH75CT002_xq03;1;281
80HAH75CT111_xq03;1;282
80HAH75CT112_xq03;1;283
80HAH83CT001_xq03;1;284
80HAH33CT001_xq03;1;285
80HAH38FT902_xq03;1;286
80HAH38CT001_xq03;1;287
80HAH38CT002_xq03;1;288
80HAH40FT902_xq03;1;289
80HAH40CT001_xq03;1;290
80HAH40CT002_xq03;1;291
80HAH40CT111_xq03;1;292
80HAH40CT112_xq03;1;293
80HAH88FT902_xq03;1;294
80HAH88CT001_xq03;1;295
80HAH88CT002_xq03;1;296
80HAH90FT902_xq03;1;297
80HAH90CT001_xq03;1;298
80HAH90CT002_xq03;1;299
80HAH90CT111_xq03;1;300
80HAH90CT112_xq03;1;301
80HAH42FT903_xq03;1;302
80HAH42CT001_xq03;1;303
80HAH42CT002_xq03;1;304
80HAH42CT003_xq03;1;305
80HAH92FT903_xq03;1;306
80HAH92CT001_xq03;1;307
80HAH92CT002_xq03;1;308
80HAH92CT003_xq03;1;309
80LBB11CP001_xq03;1;310
80LBB21CT001_xq03;1;311
80LBB11CP002_xq03;1;312
80LBB11CT002_xq03;1;313
80LBB21CP002_xq03;1;314
80LBB21CT002_xq03;1;315
80HAJ17FT902_xq03;1;316
80HAJ17CT001_xq03;1;317
80HAJ17CT002_xq03;1;318
80HAJ67FT902_xq03;1;319
80HAJ67CT001_xq03;1;320
80HAJ67CT002_xq03;1;321
80HAJ31CT001_xq03;1;322
80HAJ81CT001_xq03;1;323
80HAJ33FT902_xq03;1;324
80HAJ33CT001_xq03;1;325
80HAJ33CT002_xq03;1;326
80HAJ83FT902_xq03;1;327
80HAJ83CT001_xq03;1;328
80HAJ83CT002_xq03;1;329
80HAJ41FT903_xq03;1;330
80HAJ41CT001_xq03;1;331
80HAJ41CT002_xq03;1;332
80HAJ41CT003_xq03;1;333
80HAJ91FT903_xq03;1;334
90HAJ91CT001_xq03;1;335
90HAJ91CT002_xq03;1;336
90HAJ91CT003_xq03;1;337
80LBB10FT902_xq03;1;338
80LBB10CT001_xq03;1;339
80LBB10CT002_xq03;1;340
80LBB20FT902_xq03;1;341
80LBB20CT001_xq03;1;342
80LBB20CT002_xq03;1;343
80HAJ10CT001_xq03;1;344
80HAJ60CT001_xq03;1;345
80HAC40CT001_xq03;1;346
80HAC90CT001_xq03;1;347
80HAC10CT001_xq03;1;348
80HAC60CT001_xq03;1;349
80HAH06CT001_xq03;1;350
80HAH10CT001_xq03;1;351
80HAH56CT001_xq03;1;352
80HAH60CT001_xq03;1;353
80HAH42FP903_xq03;1;354
80HAH42CP001_xq03;1;355
80HAH42CP002_xq03;1;356
80HAH42CP003_xq03;1;357
80HAH92FP903_xq03;1;358
80HAH92CP001_xq03;1;359
80HAH92CP002_xq03;1;360
80HAH92CP003_xq03;1;361
80LBA10FT902_xq03;1;362
80LBA10CT003_xq03;1;363
80LBA10CT006_xq03;1;364
80LBA20FT902_xq03;1;365
80LBA20CT003_xq03;1;366
80LBA20CT006_xq03;1;367
80LBA10CP003_xq03;1;368
80LBA20CP003_xq03;1;369
80LBA20CT007_xq03;1;370
80LBA10CT007_xq03;1;371
80LBA10CP004_xq03;1;372
80LBA10CT004_xq03;1;373
80LBA20CT004_xq03;1;374
80LBA10FF902_xq03;1;375
80LBA10CF002_xq03;1;376
80LBA20FF902_xq03;1;377
80LBA20CF002_xq03;1;378
80LAE21FF921_xq03;1;379
80LAE21CF001_xq03;1;380
80LAE21FF922_xq03;1;381
80LAE21CF002_xq03;1;382
80LAE22FF921_xq03;1;383
80LAE22CF001_xq03;1;384
80LAE22FF922_xq03;1;385
80LAE22CF002_xq03;1;386
80LAE23FF921_xq03;1;387
80LAE23CF001_xq03;1;388
80LAE23FF922_xq03;1;389
80LAE23CF002_xq03;1;390
80LAE21CP001_xq03;1;391
80LAE21CP002_xq03;1;392
80LAE22CP001_xq03;1;393
80LAE22CP002_xq03;1;394
80LAE23CP001_xq03;1;395
80LAE23CP002_xq03;1;396
80LBC10CT111_xq03;1;397
80LBC20CT111_xq03;1;398
80LBC10FP902_xq03;1;399
80LBC10CP002_xq03;1;400
80LBC10CP003_xq03;1;401
80LBC20FP902_xq03;1;402
80LBC20CP002_xq03;1;403
80LBC20CP003_xq03;1;404
80LBC10CT002_xq03;1;405
80LBC20CT002_xq03;1;406
80HAJ60CP002_xq03;1;407
80HAJ10CP002_xq03;1;408
80HAJ15CT001_xq03;1;409
80HAJ15CT002_xq03;1;410
80HAJ15CT003_xq03;1;411
80HAJ65CT001_xq03;1;412
80HAJ65CT002_xq03;1;413
80HAJ65CT003_xq03;1;414
80HAJ33CT111_xq03;1;415
80HAJ33CT112_xq03;1;416
80HAJ83CT111_xq03;1;417
80HAJ83CT112_xq03;1;418
80HAJ35CT111_xq03;1;419
80HAJ35CT112_xq03;1;420
80HAJ35CT113_xq03;1;421
80HAJ35CT114_xq03;1;422
80HAJ35CT115_xq03;1;423
80HAJ35CT116_xq03;1;424
80HAJ85CT111_xq03;1;425
80HAJ85CT112_xq03;1;426
80HAJ85CT113_xq03;1;427
80HAJ85CT114_xq03;1;428
80HAJ85CT115_xq03;1;429
80HAJ85CT116_xq03;1;430
80HAJ41CP001_xq03;1;431
80HAJ91CP001_xq03;1;432
80LBB10FP902_xq03;1;433
80LBB10CP002_xq03;1;434
80LBB10CP003_xq03;1;435
80LBB20FP902_xq03;1;436
80LBB20CP002_xq03;1;437
80LBB20CP003_xq03;1;438
80LBB10CT115_xq03;1;439
80LBB10CT116_xq03;1;440
80LBB20CT115_xq03;1;441
80LBB20CT116_xq03;1;442
80LBB10CT113_xq03;1;443
80LBB20CT113_xq03;1;444
80LBB10FP904_xq03;1;445
80LBB10CP004_xq03;1;446
80LBB10CP005_xq03;1;447
80LBB20FP904_xq03;1;448
80LBB20CP004_xq03;1;449
80LBB20CP005_xq03;1;450
80LBB10CT004_xq03;1;451
80LBB20CT004_xq03;1;452
80LBB10CT114_xq03;1;453
80LBB20CT114_xq03;1;454
80LBB12CT111_xq03;1;455
80LBB22CT111_xq03;1;456
80LBB30FP901_xq03;1;457
80LBB30CP001_xq03;1;458
80LBB30CP002_xq03;1;459
80LBB11CT001_xq03;1;460
80LBB10CT111_xq03;1;461
80LBB10CT112_xq03;1;462
80LBB20CT111_xq03;1;463
80LBB20CT112_xq03;1;464
80LBA10CT111_xq03;1;465
80LBA10CT112_xq03;1;466
80LBA10CT113_xq03;1;467
80LBA20CT111_xq03;1;468
80LBA20CT112_xq03;1;469
80LBA20CT113_xq03;1;470
80LBA10CT116_xq03;1;471
80LBA10CT117_xq03;1;472
80LBA20CT116_xq03;1;473
80LBA20CT117_xq03;1;474
80LBA10CT114_xq03;1;475
80LBA20CT114_xq03;1;476
80LAE10FF902_xq03;1;477
80LAE10CF001_xq03;1;478
80LAE10CF002_xq03;1;479
80LAE10CT001_xq03;1;480
80LAE10CP001_xq03;1;481
80LAE11CP001_xq03;1;482
80LAE11CP002_xq03;1;483
80LAF52CP001_xq03;1;484
80LAF51CP001_xq03;1;485
80LAF51CP002_xq03;1;486
80LAF40CT001_xq03;1;487
80LAF40CP001_xq03;1;488
80LAF50FF921_xq03;1;489
80LAF50CF001_xq03;1;490
80LAF50CP001_xq03;1;491
80LAF50CT001_xq03;1;492
80LAF40CP002_xq03;1;493
80LAF40CP003_xq03;1;494
80LAF40FF921_xq03;1;495
80LAF40CF001_xq03;1;496
80LAF40FF922_xq03;1;497
80LAF40CF002_xq03;1;498
80LBA20CP004_xq03;1;499
80LBB21CP001_xq03;1;500
80LAF52CP002_xq03;1;501
80LAB40CP002_xq03;1;502
80LAB40FF902_xq03;1;503
80LAB40CF001_xq03;1;504
80LAB40CF002_xq03;1;505
80LAB40CT002_xq03;1;506
80HAH51CT001_xq03;1;507
80HBK20FP903_xq03;1;508
80HBK20FP913_xq03;1;509
80HBK20CP007_xq03;1;510
80HBK20CP008_xq03;1;511
80HBK20CP009_xq03;1;512
80HBK20CP010_xq03;1;513
80HBK30CP002_xq03;1;514
80HBK30CP001_xq03;1;515
80HBK30CP004_xq03;1;516
80HBK30CP003_xq03;1;517
80HFE15CP001_xq03;1;518
80HFE20CP001_xq03;1;519
80HFE25CT001_xq03;1;520
80HFE01CT001_xq03;1;521
80HLA01CT001_xq03;1;522
80HLA15CP001_xq03;1;523
80HLA20CP001_xq03;1;524
80HLA25CT001_xq03;1;525
80HAJ91CT001_xq03;1;526
80HAJ91CT002_xq03;1;527
80HAJ91CT003_xq03;1;528
80HBK20CP002_xq03;1;529
80HBK20CP001_xq03;1;530
80HBK20CP003_xq03;1;531
80HBK20CP004_xq03;1;532
80HBK20CP005_xq03;1;533
80HBK20CP006_xq03;1;534
80EAE11CL001_xq03;1;535
80EAE12CL001_xq03;1;536
80EAE13CL001_xq03;1;537
80EAE14CL001_xq03;1;538
80EAE15CL001_xq03;1;539
80EAE20CL001_xq03;1;540
80HFB11CE101_xq03;1;541
80HFB12CE101_xq03;1;542
80HFB13CE101_xq03;1;543
80HFB14CE101_xq03;1;544
80HFB15CE101_xq03;1;545
80HFB20CE101_xq03;1;546
80HFB11CE211_xq03;1;547
80HFB12CE211_xq03;1;548
80HFB13CE211_xq03;1;549
80HFB14CE211_xq03;1;550
80HFB15CE211_xq03;1;551
80HFB20CE211_xq03;1;552
80HFE71CT001_xq03;1;553
80HFE72CT001_xq03;1;554
80HFE73CT001_xq03;1;555
80HFE81CT001_xq03;1;556
80HFE82CT001_xq03;1;557
80HFE83CT001_xq03;1;558
80HFE71CP001_xq03;1;559
80HFE72CP001_xq03;1;560
80HFE73CP001_xq03;1;561
80HFE81CP001_xq03;1;562
80HFE82CP001_xq03;1;563
80HFE83CP001_xq03;1;564
80HFE71CF001_xq03;1;565
80HFE71CF002_xq03;1;566
80HFE72CF001_xq03;1;567
80HFE72CF002_xq03;1;568
80HFE73CF001_xq03;1;569
80HFE73CF002_xq03;1;570
80HFE81CF001_xq03;1;571
80HFE81CF002_xq03;1;572
80HFE82CF001_xq03;1;573
80HFE82CF002_xq03;1;574
80HFE83CF001_xq03;1;575
80HFE83CF002_xq03;1;576
80HFE70CT002_xq03;1;577
80HFE80CT002_xq03;1;578
80HFE70CP002_xq03;1;579
80HFE80CP002_xq03;1;580
80HFE74CP001_xq03;1;581
80HFE74CP002_xq03;1;582
80HFE70CT001_xq03;1;583
80HFE80CT001_xq03;1;584
80HFE70CP001_xq03;1;585
80HFE80CP001_xq03;1;586
80HFE50CP001_xq03;1;587
80HFE60CP001_xq03;1;588
80HFE50CT001_xq03;1;589
80HFE60CT001_xq03;1;590
80HFB10FE211_xq03;1;591
80HJF00FF901_xq03;1;592
Q_fuel_xq03;1;593
80HLA30CT001_xq03;1;594
80HLA40CT001_xq03;1;595
80HLA30CP001_xq03;1;596
80HLA40CP001_xq03;1;597
80HLA50CP001_xq03;1;598
80HLA60CP001_xq03;1;599
80HLA50CT001_xq03;1;600
80HLA60CT001_xq03;1;601
80HLA50CP002_xq03;1;602
80HLA60CP002_xq03;1;603
80HLA50CT002_xq03;1;604
80HLA60CT002_xq03;1;605
80HLA51CP001_xq03;1;606
80HLA51CT001_xq03;1;607
80HLA61CP001_xq03;1;608
80HLA61CT001_xq03;1;609
80HLA51CF001_xq03;1;610
80HLA51CF002_xq03;1;611
80HLA61CF001_xq03;1;612
80HLA61CF002_xq03;1;613
80HLA62CF001_xq03;1;614
80HLA56CP001_xq03;1;615
80HLA66CP001_xq03;1;616
80HLA56CT001_xq03;1;617
80HLA66CT001_xq03;1;618
80HLA56CF001_xq03;1;619
80HLA56CF002_xq03;1;620
80HLA66CF001_xq03;1;621
80HLA66CF002_xq03;1;622
80HLA50CP003_xq03;1;623
80HLA60CP003_xq03;1;624
80HLA50CT003_xq03;1;625
80HLA60CT003_xq03;1;626
80HLA50CF001_xq03;1;627
80HLA50CF002_xq03;1;628
80HLA60CF001_xq03;1;629
80HLA60CF002_xq03;1;630
80HLA70CF001_xq03;1;631
80HLA80CF001_xq03;1;632
80HLA71CP001_xq03;1;633
80HLA72CP001_xq03;1;634
80HLA81CP001_xq03;1;635
80HLA82CP001_xq03;1;636
80HLA30FF901_xq03;1;637
80HBK20CT001_xq03;1;638
80HBK20CT002_xq03;1;639
80HBK20CT003_xq03;1;640
80HBK20CT004_xq03;1;641
80HBK30CT001_xq03;1;642
80HBK30CT002_xq03;1;643
80HBK30CT003_xq03;1;644
80HBK30CT004_xq03;1;645
80HBK30CT005_xq03;1;646
80HBK30CT006_xq03;1;647
80HNA11CT001_xq03;1;648
80HNA12CT001_xq03;1;649
80HNA21CT001_xq03;1;650
80HNA21CT002_xq03;1;651
80HNA21CT003_xq03;1;652
80HNA21CT004_xq03;1;653
80HNA22CT001_xq03;1;654
80HNA22CT002_xq03;1;655
80HNA22CT003_xq03;1;656
80HNA22CT004_xq03;1;657
80HNA51CP001_xq03;1;658
80HNA52CP001_xq03;1;659
80HNF01CP001_xq03;1;660
80HNF10CP001_xq03;1;661
80HNF10CT001_xq03;1;662
80HNF51CP001_xq03;1;663
80HNF52CP001_xq03;1;664
80HNF61CP001_xq03;1;665
80HNF62CP001_xq03;1;666
80HNF40CP001_xq03;1;667
80HNF40CT001_xq03;1;668
80HNF40CF001_xq03;1;669
80HNF40CF002_xq03;1;670
80HFD05CP001_xq03;1;671
80HFD05CT001_xq03;1;672
80HFD01CP001_xq03;1;673
81HTA11CT001_xq03;1;674
81HTA11CT002_xq03;1;675
81HTA11CT003_xq03;1;676
81HTA21CT001_xq03;1;677
81HTA21CT002_xq03;1;678
81HTA21CT003_xq03;1;679
82HTA11CT001_xq03;1;680
82HTA11CT002_xq03;1;681
82HTA11CT003_xq03;1;682
82HTA21CT001_xq03;1;683
82HTA21CT002_xq03;1;684
82HTA21CT003_xq03;1;685
81HTA14CT001_xq03;1;686
81HTA24CT001_xq03;1;687
82HTA14CT001_xq03;1;688
82HTA24CT001_xq03;1;689
80HNA61CT001_xq03;1;690
80HNA62CT001_xq03;1;691
80HFW10CP001_xq03;1;692
80HFW20CP002_xq03;1;693
80HFW30CP001_xq03;1;694
80HFW40CP001_xq03;1;695
80HFW10CF001_xq03;1;696
80HFW20CF001_xq03;1;697
80HFW11CP001_xq03;1;698
80HFW12CP001_xq03;1;699
80HFW13CP001_xq03;1;700
80HFW14CP001_xq03;1;701
80HFW15CP001_xq03;1;702
80HFW20CP001_xq03;1;703
80LBA20CT008_xq03;1;704
80MAA01CT001_xq03;1;705
80MAA02CT001_xq03;1;706
80MAA10CP001_xq03;1;707
80MAA10CP002_xq03;1;708
80LBQ50CP001_xq03;1;709
80LBQ50CT001_xq03;1;710
80LBS50CP001_xq03;1;711
80LBS50CT001_xq03;1;712
80LBS40CP001_xq03;1;713
80LBS40CT001_xq03;1;714
80LBS30CP001_xq03;1;715
80LBS30CT001_xq03;1;716
80MAB10CT002_xq03;1;717
80MAB10CT003_xq03;1;718
80MAA11CT111_xq03;1;719
80MAA12CT111_xq03;1;720
80MAA13CT111_xq03;1;721
80MAA14CT111_xq03;1;722
80LBA10CT005_xq03;1;723
80LBA20CT005_xq03;1;724
80LBA10CP005_xq03;1;725
80LBA20CP005_xq03;1;726
80LBA30CP001_xq03;1;727
80LBA30CP002_xq03;1;728
80LBA10CT115_xq03;1;729
80LBA20CT115_xq03;1;730
80LBA12CT111_xq03;1;731
80LBA12CT112_xq03;1;732
80LBA22CT111_xq03;1;733
80LBA22CT112_xq03;1;734
80MAB11CT111_xq03;1;735
80MAB12CT111_xq03;1;736
80MAC10CT001_xq03;1;737
80MAC10CT002_xq03;1;738
80MAC10CT003_xq03;1;739
80MAC10CT004_xq03;1;740
80LBS20CP001_xq03;1;741
80LBS20CT001_xq03;1;742
80MAG10CP001_xq03;1;743
80MAG10CP002_xq03;1;744
80MAG10CP003_xq03;1;745
80MAG10CP004_xq03;1;746
80MAG10CP005_xq03;1;747
80MAG10CL001_xq03;1;748
80MAG10CL002_xq03;1;749
80LCA10CT001_xq03;1;750
80LCA20CP001_xq03;1;751
80LCA20CT001_xq03;1;752
80LCJ10CT001_xq03;1;753
80LCJ20CT001_xq03;1;754
80LCA11CP002_xq03;1;755
80LCA12CP002_xq03;1;756
80LCA20CT002_xq03;1;757
80LCC20CL001_xq03;1;758
80LCC20CL003_xq03;1;759
80LCC20CL004_xq03;1;760
80LCC20CL005_xq03;1;761
80LCA31CP002_xq03;1;762
80LCA32CP002_xq03;1;763
80LCA11CP001_xq03;1;764
80LCA12CP001_xq03;1;765
80LCA31CP001_xq03;1;766
80LCA32CP001_xq03;1;767
80LCA40CP001_xq03;1;768
80LCA40CF001_xq03;1;769
80LCA40CT001_xq03;1;770
80LCJ30CT001_xq03;1;771
80LCA40CT002_xq03;1;772
80LCJ40CT001_xq03;1;773
80LBS40CP002_xq03;1;774
80LBS40CT002_xq03;1;775
80LBS30CP002_xq03;1;776
80LBS30CT002_xq03;1;777
80LCC30CL001_xq03;1;778
80LCC40CL001_xq03;1;779
80LCA70CT001_xq03;1;780
80LCA70CP002_xq03;1;781
80LCA70CF001_xq03;1;782
80LAA10CP001_xq03;1;783
80LAA10CT001_xq03;1;784
80LCA30CT001_xq03;1;785
80LAB10CT001_xq03;1;786
80LAB10CP001_xq03;1;787
80LAB11CP001_xq03;1;788
80LAB21CP001_xq03;1;789
80LAB11CT001_xq03;1;790
80LAB21CT001_xq03;1;791
80LAB12CP001_xq03;1;792
80LAB12CP002_xq03;1;793
80LAB22CP001_xq03;1;794
80LAB22CP002_xq03;1;795
80LAB12CF001_xq03;1;796
80LAB22CF001_xq03;1;797
80LAB12CT001_xq03;1;798
80LAB22CT001_xq03;1;799
80LAB11CP002_xq03;1;800
80LAB25CP001_xq03;1;801
80LAB25CT001_xq03;1;802
80LAB12CP003_xq03;1;803
80LAB21CP002_xq03;1;804
80LAB30CP001_xq03;1;805
80LAB30CT001_xq03;1;806
80LCH50CT001_xq03;1;807
80LCH60CT001_xq03;1;808
80LCH70CT001_xq03;1;809
80LBQ50CT002_xq03;1;810
80LBQ50CP002_xq03;1;811
80LAB30CT004_xq03;1;812
80LBQ60CT001_xq03;1;813
80LBQ60CP002_xq03;1;814
80LBQ70CT002_xq03;1;815
80LBQ70CP002_xq03;1;816
80LAD50CL001_xq03;1;817
80LAD50CL003_xq03;1;818
80LAD50CL004_xq03;1;819
80LAD60CL001_xq03;1;820
80LAD60CL003_xq03;1;821
80LAD60CL004_xq03;1;822
80LAD70CL001_xq03;1;823
80LAD70CL003_xq03;1;824
80LAD70CL004_xq03;1;825
80LAA10CL001_xq03;1;826
80LAA10CL002_xq03;1;827
80LAA10CL003_xq03;1;828
80QUC10CQ001_xq03;1;829
80QUC10CQ002_xq03;1;830
80QUC20CQ001_xq03;1;831
80QUC20CQ002_xq03;1;832
80LAB26CP001_xq03;1;833
80LAB26CT001_xq03;1;834
80LCE11CF001_xq03;1;835
80LCE21CF001_xq03;1;836
80LCE11CT001_xq03;1;837
80LCE21CT001_xq03;1;838
80LCE11CP001_xq03;1;839
80LCE21CP001_xq03;1;840
00PAB10CF001_xq03;1;841
00PAB20CF001_xq03;1;842
80LAF11CP001_xq03;1;843
80LAF21CP001_xq03;1;844
80LAF11CP002_xq03;1;845
80LAF21CP002_xq03;1;846
80LAF30CT001_xq03;1;847
80LAF30CP001_xq03;1;848
80MAW20CT001_xq03;1;849
80LAB40CP003_xq03;1;850
80LAE12CP001_xq03;1;851
80LAE12CP002_xq03;1;852
80MAW13CP001_xq03;1;853
80MAW13CP002_xq03;1;854
80MAW92CP001_xq03;1;855
80MAW23CT001_xq03;1;856
80MAW21CT001_xq03;1;857
80MAW30CP001_xq03;1;858
80HNA11CP001_xq03;1;859
80HNA12CP001_xq03;1;860
80HNA21CP001_xq03;1;861
80HNA22CP001_xq03;1;862
80HNA13CP001_xq03;1;863
80HNA14CP001_xq03;1;864
80LBG41CP001_xq03;1;865
80LCE35FF921_xq03;1;866
80LBG52CT001_xq03;1;867
80LBG52CP001_xq03;1;868
80LBG53CP001_xq03;1;869
80LBG53FF921_xq03;1;870
80LBG54FF921_xq03;1;871
80LBG54CP001_xq03;1;872
80LBG60CT001_xq03;1;873
80LBG40CT002_xq03;1;874
80LBG40CP001_xq03;1;875
80LBG32CT001_xq03;1;876
80LBA31CP001_xq03;1;877
80LBA31CF001_xq03;1;878
80LBA31CT001_xq03;1;879
80LBG31CP001_xq03;1;880
80LBG31CT001_xq03;1;881
80LAF31CT001_xq03;1;882
80LAF31CP001_xq03;1;883
80LAF31CF001_xq03;1;884
80LAF31CP501_xq03;1;885
80LBC32CT001_xq03;1;886
80LBC32CP001_xq03;1;887
80LBC32CF001_xq03;1;888
80LAF32CT001_xq03;1;889
80LAF32CP001_xq03;1;890
80LAF32CF001_xq03;1;891
80LCE30CF001_xq03;1;892
80LCE30CP001_xq03;1;893
80LCE30CT001_xq03;1;894
80LBG60CP001_xq03;1;895
80LBG50CT002_xq03;1;896
80LBG50CP002_xq03;1;897
80LBG50CT001_xq03;1;898
80LBG50CP001_xq03;1;899
80LBG50CF001_xq03;1;900
00LBG10CP002_xq03;1;901
00LBG10CT002_xq03;1;902
80LBG32CP001_xq03;1;903
80LFC30CT002_xq03;1;904
80LFC30CT001_xq03;1;905
80LFC31CT001_xq03;1;906
80LFC31CT002_xq03;1;907
80LFC31CT003_xq03;1;908
80LFC38CP001_xq03;1;909
80LFC37CP501_xq03;1;910
80LFC37CP502_xq03;1;911
80LFC36CP501_xq03;1;912
80LFC36CP502_xq03;1;913
80LFC37CT111_xq03;1;914
80LFC36CT111_xq03;1;915
80LFC10CT002_xq03;1;916
80LFC10CT001_xq03;1;917
80LFC12CT001_xq03;1;918
80LFC11CT002_xq03;1;919
80LFC22CP501_xq03;1;920
80LFC22CP502_xq03;1;921
80LFC22CT111_xq03;1;922
80LFC21CP501_xq03;1;923
80LFC21CT111_xq03;1;924
80LFC21CP502_xq03;1;925
80LFC25CP001_xq03;1;926
80NAA30CF001_xq03;1;927
80NAB10CT001_xq03;1;928
80NAB30CT001_xq03;1;929
80NAB40CT001_xq03;1;930
80NAB20CT001_xq03;1;931
80NAB20CP001_xq03;1;932
80NAB25CP001_xq03;1;933
80NDA10CP001_xq03;1;934
80NDA10CT001_xq03;1;935
80NDA20CT001_xq03;1;936
80NDA30CT001_xq03;1;937
80NDA40CT001_xq03;1;938
80NDA50CT001_xq03;1;939
80NDA50CF001_xq03;1;940
80NDA50CT002_xq03;1;941
80NDA50CP001_xq03;1;942
80NAA40CP001_xq03;1;943
80NAA40CT001_xq03;1;944
80NAA30CT001_xq03;1;945
80NAA30CP001_xq03;1;946
80NAA20CP001_xq03;1;947
80NAA20CT001_xq03;1;948
80NAA10CP001_xq03;1;949
80NAA10CT001_xq03;1;950
80NDD10CL001_xq03;1;951
80NDD20CL001_xq03;1;952
80NDD30CL001_xq03;1;953
80NDD40CL001_xq03;1;954
00GHC10CF001_xq03;1;955
00GHC20CP001_xq03;1;956
00GHC27CL001_xq03;1;957
00GHC26CL001_xq03;1;958
00GHC30CP001_xq03;1;959
00GHC35CP001_xq03;1;960
00GHC40CP001_xq03;1;961
00GHC50CP001_xq03;1;962
00GHC55CP001_xq03;1;963
00GHC60CP001_xq03;1;964
00GHC65CL301_xq03;1;965
80GHC10CF001_xq03;1;966
80GHC20CF001_xq03;1;967
80PAB10CP004_xq03;1;968
80PAB10CP005_xq03;1;969
80PAB20CP004_xq03;1;970
80PAB20CP005_xq03;1;971
80PAB30CF001_xq03;1;972
80PAB30CF002_xq03;1;973
80PCB30CP001_xq03;1;974
80PCB30CP002_xq03;1;975
80PCB30CP003_xq03;1;976
80PCB40CF001_xq03;1;977
80PCB40CF002_xq03;1;978
80PCB40CF003_xq03;1;979
80PCB31CT003_xq03;1;980
80PCB31CT004_xq03;1;981
80PCB46CP002_xq03;1;982
80PCB47CP002_xq03;1;983
80PCB48CP002_xq03;1;984
80LCA11CT001_xq03;1;985
80LFC40CT001_xq03;1;986
80LFC40CT002_xq03;1;987
00PCB10CT001_xq03;1;988
00PCB11CT001_xq03;1;989
00PCB21CT001_xq03;1;990
00PCB22T001_xq03;1;991
00PCB41CT001_xq03;1;992
00PCB42CT001_xq03;1;993
00PCB43CT001_xq03;1;994
00LFC10CT001_xq03;1;995
00LFC15CL001_xq03;1;996
00LFC15CL002_xq03;1;997
00LFC40CT001_xq03;1;998
00LFC40CT002_xq03;1;999
80HJM10CF001_xq03;1;1000
80HJM10CT002_xq03;1;1001
80HJM10CP001_xq03;1;1002
80HJM10CT001_xq03;1;1003
80LCE31CP001_xq03;1;1004
80HJM50CP001_xq03;1;1005
80HJM50CT001_xq03;1;1006
80LCE32CP001_xq03;1;1007
80LCE31CF001_xq03;1;1008
80LCE31CT001_xq03;1;1009
80HJM10CP002_xq03;1;1010
80HJM10CT003_xq03;1;1011
80LCQ20CP001_xq03;1;1012
80LCQ20CT001_xq03;1;1013
80LCQ23CP001_xq03;1;1014
80LCQ21CP001_xq03;1;1015
80LCQ25CP001_xq03;1;1016
80LCQ25CF001_xq03;1;1017
80LCQ25CT001_xq03;1;1018
80LCQ01CF001_xq03;1;1019
80LCQ10CT001_xq03;1;1020
80LCQ10CP001_xq03;1;1021
80LCQ30CP001_xq03;1;1022
80LCQ30CT501_xq03;1;1023
80LCQ10CL501_xq03;1;1024
80LCQ20CL001_xq03;1;1025
80LCQ30CL001_xq03;1;1026
80LFC20CL001_xq03;1;1027
80LFC20CT001_xq03;1;1028
80LCQ22CP001_xq03;1;1029
80LCQ30CT001_xq03;1;1030
80LCN53CT001_xq03;1;1031
80LCN53CT002_xq03;1;1032
80LCN54CT001_xq03;1;1033
80LCN54CT002_xq03;1;1034
80LCN53CL001_xq03;1;1035
80LCN54CL001_xq03;1;1036
80LCE35CF001_xq03;1;1037
80LBG20CP002_xq03;1;1038
80LBG20CT002_xq03;1;1039
00LBG20CP002_xq03;1;1040
00LBG20CT002_xq03;1;1041
80LCN62CL001_xq03;1;1042
80LCN63CL001_xq03;1;1043
80HHL11CP001_xq03;1;1044
80HHL11CP002_xq03;1;1045
80HHL11CP003_xq03;1;1046
80HHL11CP004_xq03;1;1047
80HHL11CP005_xq03;1;1048
80HHL12CP001_xq03;1;1049
80HHL12CP002_xq03;1;1050
80HHL12CP003_xq03;1;1051
80HHL12CP004_xq03;1;1052
80HHL12CP005_xq03;1;1053
80HHL13CP001_xq03;1;1054
80HHL13CP002_xq03;1;1055
80HHL13CP003_xq03;1;1056
80HHL13CP004_xq03;1;1057
80HHL13CP005_xq03;1;1058
80HHL14CP001_xq03;1;1059
80HHL14CP002_xq03;1;1060
80HHL14CP003_xq03;1;1061
80HHL14CP004_xq03;1;1062
80HHL14CP005_xq03;1;1063
80HHL21CP001_xq03;1;1064
80HHL21CP002_xq03;1;1065
80HHL21CP003_xq03;1;1066
80HHL21CP004_xq03;1;1067
80HHL22CP001_xq03;1;1068
80HHL22CP002_xq03;1;1069
80HHL22CP003_xq03;1;1070
80HHL22CP004_xq03;1;1071
80HHL23CP001_xq03;1;1072
80HHL23CP002_xq03;1;1073
80HHL23CP003_xq03;1;1074
80HHL23CP004_xq03;1;1075
80HHL24CP001_xq03;1;1076
80HHL24CP002_xq03;1;1077
80HHL24CP003_xq03;1;1078
80HHL24CP004_xq03;1;1079
80LFC35CT001_xq03;1;1080
00LCF15CL001_xq03;1;1081
00LCF15CL002_xq03;1;1082
80HLD10CT111_xq03;1;1083
80HLD20CT111_xq03;1;1084
80HLD10CT112_xq03;1;1085
80HLD20CT112_xq03;1;1086
80PCB55CP001_xq03;1;1087
80PCB55CP002_xq03;1;1088
80PCB55CP003_xq03;1;1089
80PCC35CT113_xq03;1;1090
80PCC35CT114_xq03;1;1091
80PCC35CT111_xq03;1;1092
80PCC35CT112_xq03;1;1093
80PCC36CT113_xq03;1;1094
80PCC36CT114_xq03;1;1095
80PCC36CT111_xq03;1;1096
80PCC36CT112_xq03;1;1097
80PCC46CT111_xq03;1;1098
80PCC46CT112_xq03;1;1099
80PCC46CT113_xq03;1;1100
80PCC46CT114_xq03;1;1101
80PCC47CT111_xq03;1;1102
80PCC47CT112_xq03;1;1103
80PCC46CT115_xq03;1;1104
80PCC46CT116_xq03;1;1105
80PCC46CT117_xq03;1;1106
80PCC46CT118_xq03;1;1107
80PCC46CT119_xq03;1;1108
80PCC46CT120_xq03;1;1109
80PCC47CT115_xq03;1;1110
80PCC47CT116_xq03;1;1111
80PCC47CT117_xq03;1;1112
80PCC47CT118_xq03;1;1113
80PCC47CT119_xq03;1;1114
80PCC47CT120_xq03;1;1115
80PCC48CT115_xq03;1;1116
80PCC48CT116_xq03;1;1117
80PCC48CT117_xq03;1;1118
80PCC48CT118_xq03;1;1119
80PCC48CT119_xq03;1;1120
80PCC48CT120_xq03;1;1121
80PCC47CT113_xq03;1;1122
80PCC47CT114_xq03;1;1123
80PCC48CT111_xq03;1;1124
80PCC48CT112_xq03;1;1125
80PCC48CT113_xq03;1;1126
80PCC48CT114_xq03;1;1127
80PCC46CY003_xq03;1;1128
80PCC46CY004_xq03;1;1129
80PCC46CY001_xq03;1;1130
80PCC46CY002_xq03;1;1131
80PCC47CY003_xq03;1;1132
80PCC47CY004_xq03;1;1133
80PCC47CY001_xq03;1;1134
80PCC47CY002_xq03;1;1135
80PCC48CY003_xq03;1;1136
80PCC48CY004_xq03;1;1137
80PCC48CY001_xq03;1;1138
80PCC48CY002_xq03;1;1139
80PCC35CY003_xq03;1;1140
80PCC35CY004_xq03;1;1141
80PCC35CY001_xq03;1;1142
80PCC35CY002_xq03;1;1143
80PCC36CY003_xq03;1;1144
80PCC36CY004_xq03;1;1145
80PCC36CY001_xq03;1;1146
80PCC36CY002_xq03;1;1147
80MAD11CY001_xq03;1;1148
80MAD11CY002_xq03;1;1149
80MAD11CY003_xq03;1;1150
80MAD12CY001_xq03;1;1151
80MAD12CY002_xq03;1;1152
80MAD12CY003_xq03;1;1153
80MAD13CY001_xq03;1;1154
80MAD13CY002_xq03;1;1155
80MAD13CY003_xq03;1;1156
80MAD14CY001_xq03;1;1157
80MAD14CY002_xq03;1;1158
80MAD14CY003_xq03;1;1159
80MAD15CY001_xq03;1;1160
80MAD15CY002_xq03;1;1161
80MAD15CY003_xq03;1;1162
80MAD16CY001_xq03;1;1163
80MAD16CY002_xq03;1;1164
80MAD16CY003_xq03;1;1165
80MKD11CY001_xq03;1;1166
80MKD11CY002_xq03;1;1167
80MKD11CY003_xq03;1;1168
80MKD12CY001_xq03;1;1169
80MKD12CY002_xq03;1;1170
80MKD12CY003_xq03;1;1171
80MAD11CY004_xq03;1;1172
80MAD11CY005_xq03;1;1173
80MAD12CY004_xq03;1;1174
80MAD12CY005_xq03;1;1175
80MAD13CY004_xq03;1;1176
80MAD13CY005_xq03;1;1177
80MAD14CY004_xq03;1;1178
80MAD14CY005_xq03;1;1179
80MAD15CY004_xq03;1;1180
80MAD15CY005_xq03;1;1181
80MAD16CY004_xq03;1;1182
80MAD16CY005_xq03;1;1183
80MKD11CY004_xq03;1;1184
80MKD11CY005_xq03;1;1185
80MKD12CY004_xq03;1;1186
80MKD12CY005_xq03;1;1187
80MAD11CY008_xq03;1;1188
80MAD14CY008_xq03;1;1189
80MAD16CY008_xq03;1;1190
80MAA10CY008_xq03;1;1191
80MAB10CY008_xq03;1;1192
80MAC10CY008_xq03;1;1193
80MAD11CY007_xq03;1;1194
80MAD14CY007_xq03;1;1195
80MAD16CY007_xq03;1;1196
80MAD13FY902A_xq03;1;1197
80MAD13FY902B_xq03;1;1198
80MAX51CY009_xq03;1;1199
80LBG42CT001_xq03;1;1200
80MVN13ÑP001_xq03;1;1201
80MVN10CT001_xq03;1;1202
80HNC10CT111_xq03;1;1203
80HNC10CT112_xq03;1;1204
80HNC20CT111_xq03;1;1205
80HNC20CT112_xq03;1;1206
80MVM11CT001_xq03;1;1207
80HFC11CT001_xq03;1;1208
80HFC11CT002_xq03;1;1209
80HFC11CT003_xq03;1;1210
80HFC12CT123_xq03;1;1211
80HFC12CT001_xq03;1;1212
80HFC12CT002_xq03;1;1213
80HFC12CT003_xq03;1;1214
80MVM12CT001_xq03;1;1215
80HFC13CT123_xq03;1;1216
80HFC13CT001_xq03;1;1217
80HFC13CT002_xq03;1;1218
80HFC13CT003_xq03;1;1219
80MVM13CT001_xq03;1;1220
80HFC14CT123_xq03;1;1221
80HFC14CT001_xq03;1;1222
80HFC14CT002_xq03;1;1223
80HFC14CT003_xq03;1;1224
80MVM14CT001_xq03;1;1225
80HFC15CT123_xq03;1;1226
80HFC15CT001_xq03;1;1227
80MVM15CT001_xq03;1;1228
80HFC15CT002_xq03;1;1229
80HFC15CT003_xq03;1;1230
80HFC20CT123_xq03;1;1231
80HFC20CT001_xq03;1;1232
80MVM20CT001_xq03;1;1233
80HFC20CT002_xq03;1;1234
80HFC20CT003_xq03;1;1235
80HFV11CT001_xq03;1;1236
80HFV12CT001_xq03;1;1237
80HFV13CT001_xq03;1;1238
80HFV14CT001_xq03;1;1239
80HFV15CT001_xq03;1;1240
80HFV20CT001_xq03;1;1241
80PCB21CT001_xq03;1;1242
80HFC11CT113_xq03;1;1243
80HFC11CT114_xq03;1;1244
80HFC11CT115_xq03;1;1245
80HFC11CT116_xq03;1;1246
80HFC11CT117_xq03;1;1247
80HFC11CT118_xq03;1;1248
80HFC12CT113_xq03;1;1249
80HFC12CT114_xq03;1;1250
80HFC12CT115_xq03;1;1251
80LAC11CT022_xq03;1;1252
80HFC12CT116_xq03;1;1253
80HFC12CT117_xq03;1;1254
80HFC12CT118_xq03;1;1255
80HFC13CT113_xq03;1;1256
80HFC13CT114_xq03;1;1257
80HFC13CT115_xq03;1;1258
80HFC13CT116_xq03;1;1259
80HFC13CT117_xq03;1;1260
80HFC13CT118_xq03;1;1261
80HFC14CT113_xq03;1;1262
80HFC14CT114_xq03;1;1263
80HFC14CT115_xq03;1;1264
80HFC14CT116_xq03;1;1265
80HFC14CT117_xq03;1;1266
80HFC14CT118_xq03;1;1267
80HFC15CT113_xq03;1;1268
80HFC15CT114_xq03;1;1269
80HFC15CT115_xq03;1;1270
80HFC15CT116_xq03;1;1271
80HFC15CT117_xq03;1;1272
80HFC15CT118_xq03;1;1273
80HFC20CT113_xq03;1;1274
80HFC20CT114_xq03;1;1275
80HFC20CT115_xq03;1;1276
80HFC20CT116_xq03;1;1277
80HFC20CT117_xq03;1;1278
80HFC20CT118_xq03;1;1279
80HFC11CT111_xq03;1;1280
80HFC11CT112_xq03;1;1281
80HFC12CT111_xq03;1;1282
80HFC12CT112_xq03;1;1283
80HFC13CT111_xq03;1;1284
80HFC13CT112_xq03;1;1285
80HFC14CT111_xq03;1;1286
80HFC14CT112_xq03;1;1287
80HFC15CT111_xq03;1;1288
80HFC15CT112_xq03;1;1289
80HFC20CT111_xq03;1;1290
80HFC20CT112_xq03;1;1291
80HFC11CT119_xq03;1;1292
80HFC11CT120_xq03;1;1293
80HFC11CT121_xq03;1;1294
80HFC11CT122_xq03;1;1295
80HFC12CT119_xq03;1;1296
80HFC12CT120_xq03;1;1297
80HFC12CT121_xq03;1;1298
80HFC12CT122_xq03;1;1299
80HFC13CT119_xq03;1;1300
80HFC13CT120_xq03;1;1301
80HFC13CT121_xq03;1;1302
80HFC13CT122_xq03;1;1303
80HFC14CT119_xq03;1;1304
80HFC14CT120_xq03;1;1305
80HFC14CT121_xq03;1;1306
80HFC14CT122_xq03;1;1307
80HFC15CT119_xq03;1;1308
80HFC15CT120_xq03;1;1309
80HFC15CT121_xq03;1;1310
80HFC15CT122_xq03;1;1311
80HFC20CT119_xq03;1;1312
80HFC20CT120_xq03;1;1313
80HFC20CT121_xq03;1;1314
80HFC20CT122_xq03;1;1315
80MVM11CP001_xq03;1;1316
80MVM11CP002_xq03;1;1317
80MVM12CP001_xq03;1;1318
80MVM12CP002_xq03;1;1319
80MVM13CP001_xq03;1;1320
80MVM13CP002_xq03;1;1321
80MVM14CP001_xq03;1;1322
80MVM14CP002_xq03;1;1323
80MVM15CP001_xq03;1;1324
80MVM15CP002_xq03;1;1325
80MVM20CP001_xq03;1;1326
80MVM20CP002_xq03;1;1327
80PCB21CT002_xq03;1;1328
80PCB21CT004_xq03;1;1329
80PCB22CT004_xq03;1;1330
80PCB21CT005_xq03;1;1331
80PCB22CT005_xq03;1;1332
80LAV11CT013_xq03;1;1333
80LAV11CT012_xq03;1;1334
80PCB21CF001_xq03;1;1335
80LAV11CT011_xq03;1;1336
80HFC11CT123_xq03;1;1337
80LFC35CL001_xq03;1;1338
80PCB21CT003_xq03;1;1339
80LAÑ11CT022_xq03;1;1340
80LAÑ11CT024_xq03;1;1341
80LAÑ21CT022_xq03;1;1342
80LAÑ21CT024_xq03;1;1343
80LAV21CT011_xq03;1;1344
80LAV21CT013_xq03;1;1345
80LAV21CT012_xq03;1;1346
80HCB01CF001_xq03;1;1347
80HCB01CP001_xq03;1;1348
80HCB10CP001_xq03;1;1349
80HCB20CP001_xq03;1;1350
80HCB10CT001_xq03;1;1351
80HCB20CT001_xq03;1;1352
80LAC11CT001_xq03;1;1353
80LAC11CT002_xq03;1;1354
80LAC21CT001_xq03;1;1355
80LAC21CT002_xq03;1;1356
80LAC11CT113_xq03;1;1357
80LAC11CT114_xq03;1;1358
80LAC11CT115_xq03;1;1359
80LAC11CT116_xq03;1;1360
80LAC11CT117_xq03;1;1361
80LAC11CT118_xq03;1;1362
80LAC21CT113_xq03;1;1363
80LAC21CT114_xq03;1;1364
80LAC21CT115_xq03;1;1365
80LAC21CT116_xq03;1;1366
80LAC21CT117_xq03;1;1367
80LAC21CT118_xq03;1;1368
80LAC11CT111_xq03;1;1369
80LAC11CT112_xq03;1;1370
80LAC11CT121_xq03;1;1371
80LAC11CT122_xq03;1;1372
80LAC11CT123_xq03;1;1373
80LAC11CT124_xq03;1;1374
80LAC11CT132_xq03;1;1375
80LAC11CT131_xq03;1;1376
80LAC21CT111_xq03;1;1377
80LAC21CT112_xq03;1;1378
80LAC21CT121_xq03;1;1379
80LAC21CT122_xq03;1;1380
80LAC21CT123_xq03;1;1381
80LAC21CT124_xq03;1;1382
80LAC21CT132_xq03;1;1383
80LAC21CT131_xq03;1;1384
80LAV11CP011_xq03;1;1385
80LAV11CP001_xq03;1;1386
80LAV11CP021_xq03;1;1387
80LAV21CP011_xq03;1;1388
80LAV21CP001_xq03;1;1389
80LAV21CP021_xq03;1;1390
80LAC11CY001_xq03;1;1391
80LAC11CY002_xq03;1;1392
80LAC11CY003_xq03;1;1393
80LAC11CY004_xq03;1;1394
80LAC11CY005_xq03;1;1395
80LAC11CY006_xq03;1;1396
80LAC11CY007_xq03;1;1397
80LAC11CY008_xq03;1;1398
80LAC21CY001_xq03;1;1399
80LAC21CY002_xq03;1;1400
80LAC21CY003_xq03;1;1401
80LAC21CY004_xq03;1;1402
80LAC21CY005_xq03;1;1403
80LAC21CY006_xq03;1;1404
80LAC21CY007_xq03;1;1405
80LAC21CY008_xq03;1;1406
80LAC11CS021_xq03;1;1407
80LAC21CS021_xq03;1;1408
80PCB22CF001_xq03;1;1409
80LAC11CT026_xq03;1;1410
80LAC21CT026_xq03;1;1411
80LAC21CT025_xq03;1;1412
80LAC11CT024_xq03;1;1413
80MAL30CT001_xq03;1;1414
80MAL60CT001_xq03;1;1415
80MAL10CT001_xq03;1;1416
80MAW81CP001_xq03;1;1417
80MAW82CP001_xq03;1;1418
80MAA10CT112_xq03;1;1419
80MAA10CT111_xq03;1;1420
80MAA10CT115_xq03;1;1421
80MAA10CT116_xq03;1;1422
80MAA10CT113_xq03;1;1423
80MAA10CT114_xq03;1;1424
80MAA10CT002_xq03;1;1425
80MAA10CT001_xq03;1;1426
80MAB10CT112_xq03;1;1427
80MAB10CT117_xq03;1;1428
80MAB10CT111_xq03;1;1429
80MAB10CT113_xq03;1;1430
80MAB10CT114_xq03;1;1431
80MAB10CT115_xq03;1;1432
80MAB10CT116_xq03;1;1433
80MAB10CT001_xq03;1;1434
80MAB10CT118_xq03;1;1435
80LBG70CP001_xq03;1;1436
80LBG64CP001_xq03;1;1437
80LCB11CT114_xq03;1;1438
80LCB11CT115_xq03;1;1439
80LCB11CT116_xq03;1;1440
80LCB11CT117_xq03;1;1441
80LCB11CT118_xq03;1;1442
80LCB11CT119_xq03;1;1443
80LCB12CT114_xq03;1;1444
80LCB12CT115_xq03;1;1445
80LCB12CT116_xq03;1;1446
80LCB12CT117_xq03;1;1447
80LCB12CT118_xq03;1;1448
80LCB12CT119_xq03;1;1449
80LCB11CT112_xq03;1;1450
80LCB11CT113_xq03;1;1451
80LCB12CT112_xq03;1;1452
80LCB12CT113_xq03;1;1453
80LCB11CT111_xq03;1;1454
80LCB12CT111_xq03;1;1455
80LCB31CT111_xq03;1;1456
80LCB31CT112_xq03;1;1457
80LCB31CT113_xq03;1;1458
80LCB31CT120_xq03;1;1459
80LCB31CT121_xq03;1;1460
80LCB31CT122_xq03;1;1461
80LCB32CT111_xq03;1;1462
80LCB32CT112_xq03;1;1463
80LCB32CT113_xq03;1;1464
80LCB32CT120_xq03;1;1465
80LCB32CT121_xq03;1;1466
80LCB32CT122_xq03;1;1467
80LCB31CT114_xq03;1;1468
80LCB31CT115_xq03;1;1469
80LCB32CT114_xq03;1;1470
80LCB32CT115_xq03;1;1471
80LCB31CT116_xq03;1;1472
80LCB32CT116_xq03;1;1473
80LCB31CT117_xq03;1;1474
80LCB32CT117_xq03;1;1475
80LCB31CT118_xq03;1;1476
80LCB32CT118_xq03;1;1477
80LCB31CT119_xq03;1;1478
80LCB31CT123_xq03;1;1479
80LCB32CT119_xq03;1;1480
80LCB32CT123_xq03;1;1481
80LCB31CY001_xq03;1;1482
80LCB32CY001_xq03;1;1483
80PCB20CP001_xq03;1;1484
80PCB20CP002_xq03;1;1485
00PAC01CT114_xq03;1;1486
00PAC01CT115_xq03;1;1487
00PAC01CT116_xq03;1;1488
00PAC01CT117_xq03;1;1489
00PAC01CT118_xq03;1;1490
00PAC01CT119_xq03;1;1491
00PAC02CT114_xq03;1;1492
00PAC02CT115_xq03;1;1493
00PAC02CT116_xq03;1;1494
00PAC02CT117_xq03;1;1495
00PAC02CT118_xq03;1;1496
00PAC02CT119_xq03;1;1497
00PAC03CT114_xq03;1;1498
00PAC03CT115_xq03;1;1499
00PAC03CT116_xq03;1;1500
00PAC03CT117_xq03;1;1501
00PAC03CT118_xq03;1;1502
00PAC03CT119_xq03;1;1503
00PAC04CT114_xq03;1;1504
00PAC04CT115_xq03;1;1505
00PAC04CT116_xq03;1;1506
00PAC04CT117_xq03;1;1507
00PAC04CT118_xq03;1;1508
00PAC04CT119_xq03;1;1509
00PAC05CT114_xq03;1;1510
00PAC05CT115_xq03;1;1511
00PAC05CT116_xq03;1;1512
00PAC05CT117_xq03;1;1513
00PAC05CT118_xq03;1;1514
00PAC05CT119_xq03;1;1515
00PAC01CT001_xq03;1;1516
00PAC02CT001_xq03;1;1517
00PAC03CT001_xq03;1;1518
00PAC04CT001_xq03;1;1519
00PAC05CT001_xq03;1;1520
00PAC01CT111_xq03;1;1521
00PAC02CT111_xq03;1;1522
00PAC03CT111_xq03;1;1523
00PAC04CT111_xq03;1;1524
00PAC05CT111_xq03;1;1525
00PAC01CT112_xq03;1;1526
00PAC02CT112_xq03;1;1527
00PAC03CT112_xq03;1;1528
00PAC04CT112_xq03;1;1529
00PAC05CT112_xq03;1;1530
00PAC01CT113_xq03;1;1531
00PAC02CT113_xq03;1;1532
00PAC03CT113_xq03;1;1533
00PAC04CT113_xq03;1;1534
00PAC05CT113_xq03;1;1535
80NAB21CT111_xq03;1;1536
80NAB21CT112_xq03;1;1537
80NAB21CT113_xq03;1;1538
80NAB21CT114_xq03;1;1539
80NAB21CT115_xq03;1;1540
80NAB21CT116_xq03;1;1541
80NAB22CT111_xq03;1;1542
80NAB22CT112_xq03;1;1543
80NAB22CT113_xq03;1;1544
80NAB22CT114_xq03;1;1545
80NAB22CT115_xq03;1;1546
80NAB22CT116_xq03;1;1547
80NAB23CT111_xq03;1;1548
80NAB23CT112_xq03;1;1549
80NAB23CT113_xq03;1;1550
80NAB23CT114_xq03;1;1551
80NAB23CT115_xq03;1;1552
80NAB23CT116_xq03;1;1553
80NAB21CT119_xq03;1;1554
80NAB21CT120_xq03;1;1555
80NAB22CT119_xq03;1;1556
80NAB22CT120_xq03;1;1557
80NAB23CT119_xq03;1;1558
80NAB23CT120_xq03;1;1559
80NAB21CT117_xq03;1;1560
80NAB21CT118_xq03;1;1561
80NAB22CT117_xq03;1;1562
80NAB22CT118_xq03;1;1563
80NAB23CT117_xq03;1;1564
80NAB23CT118_xq03;1;1565
80NAB21CY001_xq03;1;1566
80NAB21CY002_xq03;1;1567
80NAB22CY001_xq03;1;1568
80NAB22CY002_xq03;1;1569
80NAB23CY001_xq03;1;1570
80NAB23CY002_xq03;1;1571
80HNC10CT113_xq03;1;1572
80HNC10CT114_xq03;1;1573
80HNC20CT113_xq03;1;1574
80HNC20CT114_xq03;1;1575
80HNC10CY001_xq03;1;1576
80HNC10CY002_xq03;1;1577
80HNC10CY003_xq03;1;1578
80HNC10CY004_xq03;1;1579
80HNC20CY001_xq03;1;1580
80HNC20CY002_xq03;1;1581
80HNC20CY003_xq03;1;1582
80HNC20CY004_xq03;1;1583
80HNC10CT115_xq03;1;1584
80HNC10CT116_xq03;1;1585
80HNC10CT117_xq03;1;1586
80HNC10CT118_xq03;1;1587
80HNC10CT119_xq03;1;1588
80HNC10CT120_xq03;1;1589
80HNC20CT115_xq03;1;1590
80HNC20CT116_xq03;1;1591
80HNC20CT117_xq03;1;1592
80HNC20CT118_xq03;1;1593
80HNC20CT119_xq03;1;1594
80HNC20CT120_xq03;1;1595
80HFD10CT111_xq03;1;1596
80HFD10CT112_xq03;1;1597
80HFD10CT113_xq03;1;1598
80HFD10CT114_xq03;1;1599
80HFD10CT115_xq03;1;1600
80HFD10CT116_xq03;1;1601
80HFD10CT117_xq03;1;1602
80HFD10CT118_xq03;1;1603
80HFD10CT119_xq03;1;1604
80HFD10CT120_xq03;1;1605
80HFD10CY001_xq03;1;1606
80HFD10CY002_xq03;1;1607
80HFD10CY003_xq03;1;1608
80HFD10CY004_xq03;1;1609
80HLB10CT111_xq03;1;1610
80HLB10CT112_xq03;1;1611
80HLB10CT113_xq03;1;1612
80HLB10CT114_xq03;1;1613
80HLB20CT111_xq03;1;1614
80HLB20CT112_xq03;1;1615
80HLB20CT113_xq03;1;1616
80HLB20CT114_xq03;1;1617
80HLB10CT115_xq03;1;1618
80HLB10CT116_xq03;1;1619
80HLB10CT117_xq03;1;1620
80HLB10CT118_xq03;1;1621
80HLB10CT119_xq03;1;1622
80HLB10CT120_xq03;1;1623
80HLB20CT115_xq03;1;1624
80HLB20CT116_xq03;1;1625
80HLB20CT117_xq03;1;1626
80HLB20CT118_xq03;1;1627
80HLB20CT119_xq03;1;1628
80HLB20CT120_xq03;1;1629
80HLB10CY001_xq03;1;1630
80HLB10CY002_xq03;1;1631
80HLB10CY003_xq03;1;1632
80HLB10CY004_xq03;1;1633
80HLB20CY001_xq03;1;1634
80HLB20CY002_xq03;1;1635
80HLB20CY003_xq03;1;1636
80HLB20CY004_xq03;1;1637
80HLB30CT111_xq03;1;1638
80HLB30CT112_xq03;1;1639
80HLB30CT113_xq03;1;1640
80HLB30CT114_xq03;1;1641
80HLB40CT111_xq03;1;1642
80HLB40CT112_xq03;1;1643
80HLB40CT113_xq03;1;1644
80HLB40CT114_xq03;1;1645
80HLB30CT115_xq03;1;1646
80HLB30CT116_xq03;1;1647
80HLB30CT117_xq03;1;1648
80HLB30CT118_xq03;1;1649
80HLB30CT119_xq03;1;1650
80HLB30CT120_xq03;1;1651
80HLB40CT115_xq03;1;1652
80HLB40CT116_xq03;1;1653
80HLB40CT117_xq03;1;1654
80HLB40CT118_xq03;1;1655
80HLB40CT119_xq03;1;1656
80HLB40CT120_xq03;1;1657
80HLB30CY001_xq03;1;1658
80HLB30CY002_xq03;1;1659
80HLB30CY003_xq03;1;1660
80HLB30CY004_xq03;1;1661
80HLB40CY001_xq03;1;1662
80HLB40CY002_xq03;1;1663
80HLB40CY003_xq03;1;1664
80HLB40CY004_xq03;1;1665
80HFW10CT111_xq03;1;1666
80HFW10CT112_xq03;1;1667
80HFW20CT111_xq03;1;1668
80HFW20CT112_xq03;1;1669
80HFW10CY001_xq03;1;1670
80HFW10CY002_xq03;1;1671
80HFW10CY003_xq03;1;1672
80HFW10CY004_xq03;1;1673
80HFW20CY001_xq03;1;1674
80HFW20CY002_xq03;1;1675
80HFW20CY003_xq03;1;1676
80HFW20CY004_xq03;1;1677
80HNF10CT111_xq03;1;1678
80HNF10CT112_xq03;1;1679
80HNF10CT113_xq03;1;1680
80HNF10CT114_xq03;1;1681
80HNF10CT115_xq03;1;1682
80HNF10CY001_xq03;1;1683
80HNF10CY002_xq03;1;1684
80HNF10CY003_xq03;1;1685
80HNF10CY004_xq03;1;1686
80HFC11CT101_xq03;1;1687
80HFC11CT102_xq03;1;1688
80HFC11CT103_xq03;1;1689
80HFC11CT104_xq03;1;1690
80HFC12CT101_xq03;1;1691
80HFC12CT102_xq03;1;1692
80HFC12CT103_xq03;1;1693
80HFC12CT104_xq03;1;1694
80HFC13CT101_xq03;1;1695
80HFC13CT102_xq03;1;1696
80HFC13CT103_xq03;1;1697
80HFC13CT104_xq03;1;1698
80HFC14CT101_xq03;1;1699
80HFC14CT102_xq03;1;1700
80HFC14CT103_xq03;1;1701
80HFC14CT104_xq03;1;1702
80HFC15CT101_xq03;1;1703
80HFC15CT102_xq03;1;1704
80HFC15CT103_xq03;1;1705
80HFC15CT104_xq03;1;1706
80HFC20CT101_xq03;1;1707
80HFC20CT102_xq03;1;1708
80HFC20CT103_xq03;1;1709
80HFC20CT104_xq03;1;1710
80HHE21CT001_xq03;1;1711
80HHE31CT001_xq03;1;1712
80HHE41CT001_xq03;1;1713
80HHE51CT001_xq03;1;1714
80HHE22CT001_xq03;1;1715
80HHE32CT001_xq03;1;1716
80HHE42CT001_xq03;1;1717
80HHE52CT001_xq03;1;1718
80HHE23CT001_xq03;1;1719
80HHE33CT001_xq03;1;1720
80HHE43CT001_xq03;1;1721
80HHE53CT001_xq03;1;1722
80HHE24CT001_xq03;1;1723
80HHE34CT001_xq03;1;1724
80HHE44CT001_xq03;1;1725
80HHE54CT001_xq03;1;1726
80HHE25CT001_xq03;1;1727
80HHE35CT001_xq03;1;1728
80HHE45CT001_xq03;1;1729
80HHE55CT001_xq03;1;1730
80HHE30CT001_xq03;1;1731
80HHE40CT001_xq03;1;1732
80HHE50CT001_xq03;1;1733
80HHE60CT001_xq03;1;1734
80LFC10CT003_xq03;1;1735
80LBG31FT961_xq03;1;1736
80LBG32FT961_xq03;1;1737
80LBG40FT961_xq03;1;1738
80LBG50FT961_xq03;1;1739
80LBG60FT961_xq03;1;1740
80LBG31FT910_xq03;1;1741
80LBG32FT910_xq03;1;1742
80LBG40FT910_xq03;1;1743
80LBG40FT911_xq03;1;1744
80LBG50FT910_xq03;1;1745
80LBG60FT910_xq03;1;1746
80LBH01CT001_xq03;1;1747
90LBH01CT001_xq03;1;1748
80HAD01CT111_xq03;1;1749
80HAD01CT112_xq03;1;1750
80HAD01CT113_xq03;1;1751
80HAD01CT114_xq03;1;1752
80HAD01CT115_xq03;1;1753
80HAD01CT116_xq03;1;1754
80HAD01CT117_xq03;1;1755
80HAD01CT118_xq03;1;1756
80HAD01CT119_xq03;1;1757
80HAD01CT120_xq03;1;1758
80PCB32AA001_xq10;1;1759
80PCB31AA001_xq10;1;1760
80PCB40AA051_xq10;1;1761
80MAV30AA001_xq10;1;1762
80MAA12AA001_xq10;1;1763
80LCA20AA001_xq10;1;1764
neispolzuemaya_xq10;1;1765
80LCA19AA001_xq10;1;1766
80LCE20AA001_xq10;1;1767
80LCA39AA001_xq10;1;1768
80LCE21AA001_xq10;1;1769
80LCE11AA001_xq10;1;1770
80LCJ30AA001_xq10;1;1771
80LBA30AA001_xq10;1;1772
80LCJ40AA001_xq10;1;1773
80LCJ41AA001_xq10;1;1774
80LCA70AA001_xq10;1;1775
80LAE05AA001_xq10;1;1776
80LCH20AA001_xq10;1;1777
80LCH50AA001_xq10;1;1778
80LCH61AA001_xq10;1;1779
80LCH71AA001_xq10;1;1780
80LCH60AA001_xq10;1;1781
80LCH70AA001_xq10;1;1782
80MAA14AA001_xq10;1;1783
80LAE12AA001_xq10;1;1784
80LAE12AA002_xq10;1;1785
80LAE11AA001_xq10;1;1786
80MAA13AA001_xq10;1;1787
80LAE11AA002_xq10;1;1788
neispolzuemaya_xq10;1;1789
80LCH30AA001_xq10;1;1790
80LCA71AA001_xq10;1;1791
80LCE40AA051_xq10;1;1792
80MAA11AA001_xq10;1;1793
80MAB11AA001_xq10;1;1794
80MAB12AA001_xq10;1;1795
80LBC10AA001_xq10;1;1796
80LCE30AA002_xq10;1;1797
80MAW20AA001_xq10;1;1798
80MAW10AA001_xq10;1;1799
neispolzuemaya_xq10;1;1800
80MAX65AA001_xq10;1;1801
80MAX64AA001_xq10;1;1802
80MAX63AA001_xq10;1;1803
80MAX62AA001_xq10;1;1804
80MAX61AA001_xq10;1;1805
neispolzuemaya_xq10;1;1806
80HJF30AA001_xq10;1;1807
80HJF10AA001_xq10;1;1808
80LBF11AA001_xq10;1;1809
80LBA21AA001_xq10;1;1810
80LBA11AA001_xq10;1;1811
80LAB40AA001_xq10;1;1812
80LAB40AA002_xq10;1;1813
80LBB11AA001_xq10;1;1814
80LBB21AA001_xq10;1;1815
80HAJ11AA001_xq10;1;1816
80HAJ11AA002_xq10;1;1817
80HAJ61AA001_xq10;1;1818
80HAJ61AA002_xq10;1;1819
coal_cv_xq10;1;1820
air_cv_xq10;1;1821
80LAE21AA001_xq10;1;1822
80LAE21AA002_xq10;1;1823
80LAE22AA001_xq10;1;1824
80LAE22AA002_xq10;1;1825
80LAE23AA001_xq10;1;1826
80LAE23AA002_xq10;1;1827
80LBB12AA001_xq10;1;1828
80LBB22AA001_xq10;1;1829
80LBA12AA001_xq10;1;1830
80LBA22AA001_xq10;1;1831
80LAF51AA001_xq10;1;1832
80LAF51AA002_xq10;1;1833
80LAF52AA001_xq10;1;1834
80LAF52AA002_xq10;1;1835
80LAF40AA001_xq10;1;1836
80LAF40AA002_xq10;1;1837
80HNF10AA001_xq10;1;1838
80HNC10AA001_xq10;1;1839
80HNC20AA001_xq10;1;1840
80HLB10AA001_xq10;1;1841
80HLB20AA001_xq10;1;1842
80HLB30AA001_xq10;1;1843
80HLB40AA001_xq10;1;1844
80HLA50AA001_xq10;1;1845
80HLA60AA001_xq10;1;1846
80HFE81AA001_xq10;1;1847
80HFE82AA001_xq10;1;1848
80HFE83AA001_xq10;1;1849
80HFE71AA001_xq10;1;1850
80HFE72AA001_xq10;1;1851
80HFE73AA001_xq10;1;1852
80HFE31AA001_xq10;1;1853
80HFE32AA001_xq10;1;1854
80HFE33AA001_xq10;1;1855
80HFE42AA001_xq10;1;1856
80HFE43AA001_xq10;1;1857
80HLA51AA001_xq10;1;1858
80HLA61AA001_xq10;1;1859
80HLA56AA001_xq10;1;1860
80HLA66AA001_xq10;1;1861
80HLA70AA001_xq10;1;1862
80HLA80AA001_xq10;1;1863
80HFD10AA001_xq10;1;1864
80HNF40AA001_xq10;1;1865
80HFD15AA001_xq10;1;1866
80HFW10AA001_xq10;1;1867
80HFW20AA001_xq10;1;1868
80LBA12AA002_xq10;1;1869
80LBA22AA002_xq10;1;1870
80GHC10AA001_xq10;1;1871
neispolzuemaya_xq10;1;1872
neispolzuemaya_xq10;1;1873
80MAW92AA001_xq10;1;1874
80MAW50AA051_xq10;1;1875
80LCE30AA001_xq10;1;1876
80LBG50AA001_xq10;1;1877
80LBA31AA001_xq10;1;1878
80LBG31AA001_xq10;1;1879
80LAF31AA001_xq10;1;1880
80LBG32AA001_xq10;1;1881
80LAF32AA001_xq10;1;1882
80LBC32AA001_xq10;1;1883
80LBG41AA001_xq10;1;1884
80LBG52AH001_xq10;1;1885
80LCE35AA001_xq10;1;1886
80LCE35AA002_xq10;1;1887
80LBG53AA001_xq10;1;1888
80LBG54AA001_xq10;1;1889
BFP_coupling_xq10;1;1890
80LCH61AA102_xq10;1;1891
80LBG43AA001_xq10;1;1892
80NDA10AA001_xq10;1;1893
80NDA10AA002_xq10;1;1894
80NDA20AA001_xq10;1;1895
80NDA30AA001_xq10;1;1896
80NDA40AA001_xq10;1;1897
80NAB25AA001_xq10;1;1898
80NAB10AA001_xq10;1;1899
80NAB30AA001_xq10;1;1900
80NAB40AA001_xq10;1;1901
00GHC10AA001_xq10;1;1902
80GHC20AA001_xq10;1;1903
80PAB30AA001_xq10;1;1904
80PAB30AA002_xq10;1;1905
80PCB51AA051_xq10;1;1906
80PCB52AA051_xq10;1;1907
80PCB53AA051_xq10;1;1908
neispolzuemaya_xq10;1;1909
80PCB30AA001_xq10;1;1910
80LBG52AA001_xq10;1;1911
80HJM10AA001_xq10;1;1912
80LCE31AA001_xq10;1;1913
80HJM50AA001_xq10;1;1914
80LCE32AA001_xq10;1;1915
80LCQ25AA001_xq10;1;1916
80LCQ25AA002_xq10;1;1917
80LCQ25AA003_xq10;1;1918
80LCQ01AA001_xq10;1;1919
80LCQ10AA502_xq10;1;1920
80LBG62AA001_xq10;1;1921
80LCN54AA001_xq10;1;1922
80LCN54AA002_xq10;1;1923
80LCN53AA001_xq10;1;1924
80LCN53AA002_xq10;1;1925
80PCB58AA051_xq10;1;1926
80PCB72AA051_xq10;1;1927
80PCB71AA052_xq10;1;1928
80PCB56AA056_xq10;1;1929
80LBG42AA002_xq10;1;1930
80LBG42AA001_xq10;1;1931
80PCB56AA052_xq10;1;1932
80PCB56AA053_xq10;1;1933
80PCB56AA054_xq10;1;1934
80PCB56AA055_xq10;1;1935
80PCB56AA051_xq10;1;1936
80PCB21AA051_xq10;1;1937
80PCB21AA052_xq10;1;1938
80HCB01AA001_xq10;1;1939
80LBC11AA001_xq10;1;1940
80LBC12AA001_xq10;1;1941
80LBC22AA001_xq10;1;1942
80LBC12AA002_xq10;1;1943
80LBC22AA002_xq10;1;1944
80LBB11AA002_xq10;1;1945
80LBB21AA002_xq10;1;1946
80PCB22AA051_xq10;1;1947
80PCB22AA052_xq10;1;1948
80LCE50AA051_xq10;1;1949
80LCE60AA051_xq10;1;1950
80MAW81AA001_xq10;1;1951
80MAW82AA001_xq10;1;1952
R1_xq10;1;1953
R5_xq10;1;1954
80LBQ50AA801_xq10;1;1955
R_kond_xq10;1;1956
80MAV53AA301_xq10;1;1957
80LBS50AA801_xq10;1;1958
R4_xq10;1;1959
80LBÑ10AA001_xq10;1;1960
80LBH01AA001_xq10;1;1961
80LBH01AA002_xq10;1;1962
90LBH01AA001_xq10;1;1963
90LBH01AA002_xq10;1;1964
